{"drugs":{"Cocaine":{"price":14187,"qty":0},"Crack":{"price":2207,"qty":0},"Ecstasy":{"price":24,"qty":0},"Hashish":{"price":546,"qty":0},"Heroin":{"price":10953,"qty":0},"Opium":{"price":520,"qty":0},"Peyote":{"price":444,"qty":0},"Shrooms":{"price":774,"qty":0},"Smack":{"price":2675,"qty":0},"Speed":{"price":144,"qty":0},"Weed":{"price":699,"qty":0}},"location":"Pittsburgh","player":{"bank":0,"cash":1341,"current_capacity":0,"debt":6050,"equipped_weapon":"","guns":0,"health":0,"heat":0,"medical_supplies":{"Bandages":{"health_restore":15,"price":50,"qty":0}},"reputation":0,"weapons":{}},"time":{"game_day":3,"game_hour":7}}